alias,match_kind,target_geography,target_value,target_label,note
Lakeview,alias,neighborhood,Lake View,Lake View,"The city spells it as two words; almost nobody else does."
Boys Town,alias,neighborhood,Boystown,Boystown,"Both spellings are in common use for the same place."
Little Italy,alias,neighborhood,"Little Italy, UIC","Little Italy, UIC","The polygon name appends the university; the place is just Little Italy."
Millennium Park,alias,neighborhood,Millenium Park,Millenium Park,"Upstream misspells it with one 'n'. Casefolding cannot bridge a missing letter."
Sauganash,alias,neighborhood,"Sauganash,Forest Glen","Sauganash,Forest Glen","One polygon covers two named places; either name should reach it."
Rush and Division,alias,neighborhood,Rush & Division,Rush & Division,"Spelled-out ampersand. The nightlife district, not two streets."
Bronzeville,containing,community_area,38,GRAND BOULEVARD,"No polygon. difflib answers Andersonville - 19.4 km away, opposite end of the city. This row is why the alias table exists."
Pilsen,containing,community_area,31,LOWER WEST SIDE,"No polygon, and one of the most-asked-about neighborhoods in Chicago."
Roscoe Village,containing,community_area,5,NORTH CENTER,"No polygon. difflib answers East Village, 5.5 km away."
Back of the Yards,containing,community_area,61,NEW CITY,"No polygon. Note tier 1 strips a leading 'the', not an interior one."
Canaryville,containing,community_area,61,NEW CITY,"No polygon; shares its community area with Back of the Yards."
South Loop,containing,community_area,33,NEAR SOUTH SIDE,"No polygon of its own, and difflib answers West Loop - across the river and a different place entirely."
Ravenswood,containing,community_area,4,LINCOLN SQUARE,"No polygon. Nothing in the 98 is close enough for difflib to reach it."
Marquette Park,containing,community_area,66,CHICAGO LAWN,"No polygon. difflib answers Washington Park or Garfield Park, both wrong."
Edgebrook,containing,community_area,12,FOREST GLEN,"No polygon. Sits beside Sauganash, which does have one."
